[
  {
    "name": "Process Start",
    "start": 1708487516079,
    "end": 1708487516703,
    "duration": 624,
    "pid": 45167,
    "index": 0
  },
  {
    "name": "Application Start",
    "start": 1708487516704,
    "end": 1708487520629,
    "duration": 3925,
    "pid": 45167,
    "index": 1
  },
  {
    "name": "Load Plugin",
    "start": 1708487516710,
    "end": 1708487519148,
    "duration": 2438,
    "pid": 45167,
    "index": 2
  },
  {
    "name": "Load Config",
    "start": 1708487519148,
    "end": 1708487519272,
    "duration": 124,
    "pid": 45167,
    "index": 3
  },
  {
    "name": "Require(0) config/config.default.ts",
    "start": 1708487519148,
    "end": 1708487519231,
    "duration": 83,
    "pid": 45167,
    "index": 4
  },
  {
    "name": "Require(1) config/config.local.ts",
    "start": 1708487519233,
    "end": 1708487519247,
    "duration": 14,
    "pid": 45167,
    "index": 5
  },
  {
    "name": "Require(2) node_modules/egg-session/config/config.default.js",
    "start": 1708487519248,
    "end": 1708487519249,
    "duration": 1,
    "pid": 45167,
    "index": 6
  },
  {
    "name": "Require(3) node_modules/egg-security/config/config.default.js",
    "start": 1708487519250,
    "end": 1708487519250,
    "duration": 0,
    "pid": 45167,
    "index": 7
  },
  {
    "name": "Require(4) node_modules/egg-jsonp/config/config.default.js",
    "start": 1708487519251,
    "end": 1708487519251,
    "duration": 0,
    "pid": 45167,
    "index": 8
  },
  {
    "name": "Require(5) node_modules/egg-onerror/config/config.default.js",
    "start": 1708487519252,
    "end": 1708487519252,
    "duration": 0,
    "pid": 45167,
    "index": 9
  },
  {
    "name": "Require(6) node_modules/egg-i18n/config/config.default.js",
    "start": 1708487519252,
    "end": 1708487519253,
    "duration": 1,
    "pid": 45167,
    "index": 10
  },
  {
    "name": "Require(7) node_modules/egg-watcher/config/config.default.js",
    "start": 1708487519254,
    "end": 1708487519254,
    "duration": 0,
    "pid": 45167,
    "index": 11
  },
  {
    "name": "Require(8) node_modules/egg-schedule/config/config.default.js",
    "start": 1708487519255,
    "end": 1708487519255,
    "duration": 0,
    "pid": 45167,
    "index": 12
  },
  {
    "name": "Require(9) node_modules/egg-multipart/config/config.default.js",
    "start": 1708487519255,
    "end": 1708487519256,
    "duration": 1,
    "pid": 45167,
    "index": 13
  },
  {
    "name": "Require(10) node_modules/egg-development/config/config.default.js",
    "start": 1708487519256,
    "end": 1708487519256,
    "duration": 0,
    "pid": 45167,
    "index": 14
  },
  {
    "name": "Require(11) node_modules/egg-logrotator/config/config.default.js",
    "start": 1708487519257,
    "end": 1708487519258,
    "duration": 1,
    "pid": 45167,
    "index": 15
  },
  {
    "name": "Require(12) node_modules/egg-static/config/config.default.js",
    "start": 1708487519258,
    "end": 1708487519258,
    "duration": 0,
    "pid": 45167,
    "index": 16
  },
  {
    "name": "Require(13) node_modules/egg-view/config/config.default.js",
    "start": 1708487519259,
    "end": 1708487519259,
    "duration": 0,
    "pid": 45167,
    "index": 17
  },
  {
    "name": "Require(14) node_modules/egg-tracer/config/config.default.js",
    "start": 1708487519261,
    "end": 1708487519262,
    "duration": 1,
    "pid": 45167,
    "index": 18
  },
  {
    "name": "Require(15) node_modules/egg/config/config.default.js",
    "start": 1708487519262,
    "end": 1708487519262,
    "duration": 0,
    "pid": 45167,
    "index": 19
  },
  {
    "name": "Require(16) config/config.default.ts",
    "start": 1708487519265,
    "end": 1708487519265,
    "duration": 0,
    "pid": 45167,
    "index": 20
  },
  {
    "name": "Require(17) node_modules/egg-security/config/config.local.js",
    "start": 1708487519267,
    "end": 1708487519267,
    "duration": 0,
    "pid": 45167,
    "index": 21
  },
  {
    "name": "Require(18) node_modules/egg-watcher/config/config.local.js",
    "start": 1708487519267,
    "end": 1708487519268,
    "duration": 1,
    "pid": 45167,
    "index": 22
  },
  {
    "name": "Require(19) node_modules/egg-view/config/config.local.js",
    "start": 1708487519269,
    "end": 1708487519269,
    "duration": 0,
    "pid": 45167,
    "index": 23
  },
  {
    "name": "Require(20) node_modules/egg/config/config.local.js",
    "start": 1708487519271,
    "end": 1708487519271,
    "duration": 0,
    "pid": 45167,
    "index": 24
  },
  {
    "name": "Require(21) config/config.local.ts",
    "start": 1708487519272,
    "end": 1708487519272,
    "duration": 0,
    "pid": 45167,
    "index": 25
  },
  {
    "name": "Load extend/application.js",
    "start": 1708487519274,
    "end": 1708487519384,
    "duration": 110,
    "pid": 45167,
    "index": 26
  },
  {
    "name": "Require(22) node_modules/egg-session/app/extend/application.js",
    "start": 1708487519274,
    "end": 1708487519275,
    "duration": 1,
    "pid": 45167,
    "index": 27
  },
  {
    "name": "Require(23) node_modules/egg-security/app/extend/application.js",
    "start": 1708487519275,
    "end": 1708487519277,
    "duration": 2,
    "pid": 45167,
    "index": 28
  },
  {
    "name": "Require(24) node_modules/egg-jsonp/app/extend/application.js",
    "start": 1708487519277,
    "end": 1708487519279,
    "duration": 2,
    "pid": 45167,
    "index": 29
  },
  {
    "name": "Require(25) node_modules/egg-schedule/app/extend/application.js",
    "start": 1708487519279,
    "end": 1708487519280,
    "duration": 1,
    "pid": 45167,
    "index": 30
  },
  {
    "name": "Require(26) node_modules/egg-logrotator/app/extend/application.js",
    "start": 1708487519281,
    "end": 1708487519286,
    "duration": 5,
    "pid": 45167,
    "index": 31
  },
  {
    "name": "Require(27) node_modules/egg-view/app/extend/application.js",
    "start": 1708487519286,
    "end": 1708487519289,
    "duration": 3,
    "pid": 45167,
    "index": 32
  },
  {
    "name": "Require(28) node_modules/@eggjs/tegg-plugin/app/extend/application.js",
    "start": 1708487519289,
    "end": 1708487519379,
    "duration": 90,
    "pid": 45167,
    "index": 33
  },
  {
    "name": "Require(29) node_modules/egg-tracer/app/extend/application.js",
    "start": 1708487519381,
    "end": 1708487519381,
    "duration": 0,
    "pid": 45167,
    "index": 34
  },
  {
    "name": "Load extend/request.js",
    "start": 1708487519384,
    "end": 1708487519392,
    "duration": 8,
    "pid": 45167,
    "index": 35
  },
  {
    "name": "Require(30) node_modules/egg/app/extend/request.js",
    "start": 1708487519387,
    "end": 1708487519390,
    "duration": 3,
    "pid": 45167,
    "index": 36
  },
  {
    "name": "Load extend/response.js",
    "start": 1708487519393,
    "end": 1708487519411,
    "duration": 18,
    "pid": 45167,
    "index": 37
  },
  {
    "name": "Require(31) node_modules/egg/app/extend/response.js",
    "start": 1708487519397,
    "end": 1708487519404,
    "duration": 7,
    "pid": 45167,
    "index": 38
  },
  {
    "name": "Load extend/context.js",
    "start": 1708487519411,
    "end": 1708487519436,
    "duration": 25,
    "pid": 45167,
    "index": 39
  },
  {
    "name": "Require(32) node_modules/egg-security/app/extend/context.js",
    "start": 1708487519412,
    "end": 1708487519419,
    "duration": 7,
    "pid": 45167,
    "index": 40
  },
  {
    "name": "Require(33) node_modules/egg-jsonp/app/extend/context.js",
    "start": 1708487519419,
    "end": 1708487519420,
    "duration": 1,
    "pid": 45167,
    "index": 41
  },
  {
    "name": "Require(34) node_modules/egg-i18n/app/extend/context.js",
    "start": 1708487519420,
    "end": 1708487519420,
    "duration": 0,
    "pid": 45167,
    "index": 42
  },
  {
    "name": "Require(35) node_modules/egg-multipart/app/extend/context.js",
    "start": 1708487519420,
    "end": 1708487519424,
    "duration": 4,
    "pid": 45167,
    "index": 43
  },
  {
    "name": "Require(36) node_modules/egg-view/app/extend/context.js",
    "start": 1708487519424,
    "end": 1708487519424,
    "duration": 0,
    "pid": 45167,
    "index": 44
  },
  {
    "name": "Require(37) node_modules/@eggjs/tegg-plugin/app/extend/context.js",
    "start": 1708487519425,
    "end": 1708487519426,
    "duration": 1,
    "pid": 45167,
    "index": 45
  },
  {
    "name": "Require(38) node_modules/@eggjs/tegg-eventbus-plugin/app/extend/context.js",
    "start": 1708487519427,
    "end": 1708487519431,
    "duration": 4,
    "pid": 45167,
    "index": 46
  },
  {
    "name": "Require(39) node_modules/egg-tracer/app/extend/context.js",
    "start": 1708487519432,
    "end": 1708487519433,
    "duration": 1,
    "pid": 45167,
    "index": 47
  },
  {
    "name": "Require(40) node_modules/egg/app/extend/context.js",
    "start": 1708487519433,
    "end": 1708487519434,
    "duration": 1,
    "pid": 45167,
    "index": 48
  },
  {
    "name": "Load extend/helper.js",
    "start": 1708487519436,
    "end": 1708487519451,
    "duration": 15,
    "pid": 45167,
    "index": 49
  },
  {
    "name": "Require(41) node_modules/egg-security/app/extend/helper.js",
    "start": 1708487519437,
    "end": 1708487519445,
    "duration": 8,
    "pid": 45167,
    "index": 50
  },
  {
    "name": "Require(42) node_modules/egg/app/extend/helper.js",
    "start": 1708487519447,
    "end": 1708487519447,
    "duration": 0,
    "pid": 45167,
    "index": 51
  },
  {
    "name": "Load app.js",
    "start": 1708487519451,
    "end": 1708487519510,
    "duration": 59,
    "pid": 45167,
    "index": 52
  },
  {
    "name": "Require(43) node_modules/egg-session/app.js",
    "start": 1708487519451,
    "end": 1708487519452,
    "duration": 1,
    "pid": 45167,
    "index": 53
  },
  {
    "name": "Require(44) node_modules/egg-security/app.js",
    "start": 1708487519452,
    "end": 1708487519454,
    "duration": 2,
    "pid": 45167,
    "index": 54
  },
  {
    "name": "Require(45) node_modules/egg-onerror/app.js",
    "start": 1708487519454,
    "end": 1708487519460,
    "duration": 6,
    "pid": 45167,
    "index": 55
  },
  {
    "name": "Require(46) node_modules/egg-i18n/app.js",
    "start": 1708487519461,
    "end": 1708487519466,
    "duration": 5,
    "pid": 45167,
    "index": 56
  },
  {
    "name": "Require(47) node_modules/egg-watcher/app.js",
    "start": 1708487519466,
    "end": 1708487519468,
    "duration": 2,
    "pid": 45167,
    "index": 57
  },
  {
    "name": "Require(48) node_modules/egg-schedule/app.js",
    "start": 1708487519468,
    "end": 1708487519469,
    "duration": 1,
    "pid": 45167,
    "index": 58
  },
  {
    "name": "Require(49) node_modules/egg-multipart/app.js",
    "start": 1708487519469,
    "end": 1708487519470,
    "duration": 1,
    "pid": 45167,
    "index": 59
  },
  {
    "name": "Require(50) node_modules/egg-development/app.js",
    "start": 1708487519470,
    "end": 1708487519470,
    "duration": 0,
    "pid": 45167,
    "index": 60
  },
  {
    "name": "Require(51) node_modules/egg-logrotator/app.js",
    "start": 1708487519470,
    "end": 1708487519471,
    "duration": 1,
    "pid": 45167,
    "index": 61
  },
  {
    "name": "Require(52) node_modules/egg-static/app.js",
    "start": 1708487519471,
    "end": 1708487519471,
    "duration": 0,
    "pid": 45167,
    "index": 62
  },
  {
    "name": "Require(53) node_modules/@eggjs/tegg-config/app.js",
    "start": 1708487519471,
    "end": 1708487519472,
    "duration": 1,
    "pid": 45167,
    "index": 63
  },
  {
    "name": "Require(54) node_modules/@eggjs/tegg-plugin/app.js",
    "start": 1708487519472,
    "end": 1708487519486,
    "duration": 14,
    "pid": 45167,
    "index": 64
  },
  {
    "name": "Require(55) node_modules/@eggjs/tegg-controller-plugin/app.js",
    "start": 1708487519486,
    "end": 1708487519497,
    "duration": 11,
    "pid": 45167,
    "index": 65
  },
  {
    "name": "Require(56) node_modules/@eggjs/tegg-schedule-plugin/app.js",
    "start": 1708487519498,
    "end": 1708487519500,
    "duration": 2,
    "pid": 45167,
    "index": 66
  },
  {
    "name": "Require(57) node_modules/@eggjs/tegg-eventbus-plugin/app.js",
    "start": 1708487519500,
    "end": 1708487519503,
    "duration": 3,
    "pid": 45167,
    "index": 67
  },
  {
    "name": "Require(58) node_modules/@eggjs/tegg-aop-plugin/app.js",
    "start": 1708487519503,
    "end": 1708487519509,
    "duration": 6,
    "pid": 45167,
    "index": 68
  },
  {
    "name": "Require(59) node_modules/egg-tracer/app.js",
    "start": 1708487519509,
    "end": 1708487519510,
    "duration": 1,
    "pid": 45167,
    "index": 69
  },
  {
    "name": "Before Start in node_modules/egg-watcher/lib/init.js:15:14",
    "start": 1708487519590,
    "end": 1708487520628,
    "duration": 1038,
    "pid": 45167,
    "index": 70
  },
  {
    "name": "Did Load in node_modules/@eggjs/tegg-plugin/app.js:didLoad",
    "start": 1708487519667,
    "end": 1708487520601,
    "duration": 934,
    "pid": 45167,
    "index": 71
  },
  {
    "name": "Did Load in node_modules/@eggjs/tegg-controller-plugin/app.js:didLoad",
    "start": 1708487519667,
    "end": 1708487520609,
    "duration": 942,
    "pid": 45167,
    "index": 72
  },
  {
    "name": "Did Load in node_modules/@eggjs/tegg-eventbus-plugin/app.js:didLoad",
    "start": 1708487519667,
    "end": 1708487520603,
    "duration": 936,
    "pid": 45167,
    "index": 73
  },
  {
    "name": "Load Service",
    "start": 1708487519668,
    "end": 1708487519681,
    "duration": 13,
    "pid": 45167,
    "index": 74
  },
  {
    "name": "Load \"service\" to Context",
    "start": 1708487519668,
    "end": 1708487519681,
    "duration": 13,
    "pid": 45167,
    "index": 75
  },
  {
    "name": "Load Middleware",
    "start": 1708487519681,
    "end": 1708487519775,
    "duration": 94,
    "pid": 45167,
    "index": 76
  },
  {
    "name": "Load \"middlewares\" to Application",
    "start": 1708487519681,
    "end": 1708487519767,
    "duration": 86,
    "pid": 45167,
    "index": 77
  },
  {
    "name": "Load Controller",
    "start": 1708487519775,
    "end": 1708487519780,
    "duration": 5,
    "pid": 45167,
    "index": 78
  },
  {
    "name": "Load \"controller\" to Application",
    "start": 1708487519775,
    "end": 1708487519780,
    "duration": 5,
    "pid": 45167,
    "index": 79
  },
  {
    "name": "Load Router",
    "start": 1708487519780,
    "end": 1708487519780,
    "duration": 0,
    "pid": 45167,
    "index": 80
  },
  {
    "name": "Before Start in node_modules/egg-core/lib/egg.js:304:10",
    "start": 1708487519785,
    "end": 1708487519792,
    "duration": 7,
    "pid": 45167,
    "index": 81
  }
]