[
  {
    "name": "Process Start",
    "start": 1708487568825,
    "end": 1708487569821,
    "duration": 996,
    "pid": 45284,
    "index": 0
  },
  {
    "name": "Application Start",
    "start": 1708487569821,
    "end": 1708487573839,
    "duration": 4018,
    "pid": 45284,
    "index": 1
  },
  {
    "name": "Load Plugin",
    "start": 1708487569829,
    "end": 1708487572500,
    "duration": 2671,
    "pid": 45284,
    "index": 2
  },
  {
    "name": "Load Config",
    "start": 1708487572500,
    "end": 1708487572617,
    "duration": 117,
    "pid": 45284,
    "index": 3
  },
  {
    "name": "Require(0) config/config.default.ts",
    "start": 1708487572501,
    "end": 1708487572578,
    "duration": 77,
    "pid": 45284,
    "index": 4
  },
  {
    "name": "Require(1) config/config.local.ts",
    "start": 1708487572579,
    "end": 1708487572590,
    "duration": 11,
    "pid": 45284,
    "index": 5
  },
  {
    "name": "Require(2) node_modules/egg-session/config/config.default.js",
    "start": 1708487572593,
    "end": 1708487572595,
    "duration": 2,
    "pid": 45284,
    "index": 6
  },
  {
    "name": "Require(3) node_modules/egg-security/config/config.default.js",
    "start": 1708487572595,
    "end": 1708487572595,
    "duration": 0,
    "pid": 45284,
    "index": 7
  },
  {
    "name": "Require(4) node_modules/egg-jsonp/config/config.default.js",
    "start": 1708487572597,
    "end": 1708487572597,
    "duration": 0,
    "pid": 45284,
    "index": 8
  },
  {
    "name": "Require(5) node_modules/egg-onerror/config/config.default.js",
    "start": 1708487572597,
    "end": 1708487572598,
    "duration": 1,
    "pid": 45284,
    "index": 9
  },
  {
    "name": "Require(6) node_modules/egg-i18n/config/config.default.js",
    "start": 1708487572598,
    "end": 1708487572599,
    "duration": 1,
    "pid": 45284,
    "index": 10
  },
  {
    "name": "Require(7) node_modules/egg-watcher/config/config.default.js",
    "start": 1708487572600,
    "end": 1708487572600,
    "duration": 0,
    "pid": 45284,
    "index": 11
  },
  {
    "name": "Require(8) node_modules/egg-schedule/config/config.default.js",
    "start": 1708487572600,
    "end": 1708487572601,
    "duration": 1,
    "pid": 45284,
    "index": 12
  },
  {
    "name": "Require(9) node_modules/egg-multipart/config/config.default.js",
    "start": 1708487572601,
    "end": 1708487572602,
    "duration": 1,
    "pid": 45284,
    "index": 13
  },
  {
    "name": "Require(10) node_modules/egg-development/config/config.default.js",
    "start": 1708487572602,
    "end": 1708487572602,
    "duration": 0,
    "pid": 45284,
    "index": 14
  },
  {
    "name": "Require(11) node_modules/egg-logrotator/config/config.default.js",
    "start": 1708487572603,
    "end": 1708487572603,
    "duration": 0,
    "pid": 45284,
    "index": 15
  },
  {
    "name": "Require(12) node_modules/egg-static/config/config.default.js",
    "start": 1708487572604,
    "end": 1708487572604,
    "duration": 0,
    "pid": 45284,
    "index": 16
  },
  {
    "name": "Require(13) node_modules/egg-view/config/config.default.js",
    "start": 1708487572605,
    "end": 1708487572605,
    "duration": 0,
    "pid": 45284,
    "index": 17
  },
  {
    "name": "Require(14) node_modules/egg-tracer/config/config.default.js",
    "start": 1708487572607,
    "end": 1708487572608,
    "duration": 1,
    "pid": 45284,
    "index": 18
  },
  {
    "name": "Require(15) node_modules/egg/config/config.default.js",
    "start": 1708487572608,
    "end": 1708487572609,
    "duration": 1,
    "pid": 45284,
    "index": 19
  },
  {
    "name": "Require(16) config/config.default.ts",
    "start": 1708487572611,
    "end": 1708487572611,
    "duration": 0,
    "pid": 45284,
    "index": 20
  },
  {
    "name": "Require(17) node_modules/egg-security/config/config.local.js",
    "start": 1708487572612,
    "end": 1708487572612,
    "duration": 0,
    "pid": 45284,
    "index": 21
  },
  {
    "name": "Require(18) node_modules/egg-watcher/config/config.local.js",
    "start": 1708487572613,
    "end": 1708487572613,
    "duration": 0,
    "pid": 45284,
    "index": 22
  },
  {
    "name": "Require(19) node_modules/egg-view/config/config.local.js",
    "start": 1708487572614,
    "end": 1708487572614,
    "duration": 0,
    "pid": 45284,
    "index": 23
  },
  {
    "name": "Require(20) node_modules/egg/config/config.local.js",
    "start": 1708487572615,
    "end": 1708487572616,
    "duration": 1,
    "pid": 45284,
    "index": 24
  },
  {
    "name": "Require(21) config/config.local.ts",
    "start": 1708487572616,
    "end": 1708487572616,
    "duration": 0,
    "pid": 45284,
    "index": 25
  },
  {
    "name": "Load extend/application.js",
    "start": 1708487572618,
    "end": 1708487572736,
    "duration": 118,
    "pid": 45284,
    "index": 26
  },
  {
    "name": "Require(22) node_modules/egg-session/app/extend/application.js",
    "start": 1708487572618,
    "end": 1708487572618,
    "duration": 0,
    "pid": 45284,
    "index": 27
  },
  {
    "name": "Require(23) node_modules/egg-security/app/extend/application.js",
    "start": 1708487572619,
    "end": 1708487572619,
    "duration": 0,
    "pid": 45284,
    "index": 28
  },
  {
    "name": "Require(24) node_modules/egg-jsonp/app/extend/application.js",
    "start": 1708487572620,
    "end": 1708487572621,
    "duration": 1,
    "pid": 45284,
    "index": 29
  },
  {
    "name": "Require(25) node_modules/egg-schedule/app/extend/application.js",
    "start": 1708487572622,
    "end": 1708487572623,
    "duration": 1,
    "pid": 45284,
    "index": 30
  },
  {
    "name": "Require(26) node_modules/egg-logrotator/app/extend/application.js",
    "start": 1708487572624,
    "end": 1708487572629,
    "duration": 5,
    "pid": 45284,
    "index": 31
  },
  {
    "name": "Require(27) node_modules/egg-view/app/extend/application.js",
    "start": 1708487572629,
    "end": 1708487572630,
    "duration": 1,
    "pid": 45284,
    "index": 32
  },
  {
    "name": "Require(28) node_modules/@eggjs/tegg-plugin/app/extend/application.js",
    "start": 1708487572631,
    "end": 1708487572731,
    "duration": 100,
    "pid": 45284,
    "index": 33
  },
  {
    "name": "Require(29) node_modules/egg-tracer/app/extend/application.js",
    "start": 1708487572733,
    "end": 1708487572733,
    "duration": 0,
    "pid": 45284,
    "index": 34
  },
  {
    "name": "Load extend/request.js",
    "start": 1708487572736,
    "end": 1708487572740,
    "duration": 4,
    "pid": 45284,
    "index": 35
  },
  {
    "name": "Require(30) node_modules/egg/app/extend/request.js",
    "start": 1708487572738,
    "end": 1708487572738,
    "duration": 0,
    "pid": 45284,
    "index": 36
  },
  {
    "name": "Load extend/response.js",
    "start": 1708487572741,
    "end": 1708487572751,
    "duration": 10,
    "pid": 45284,
    "index": 37
  },
  {
    "name": "Require(31) node_modules/egg/app/extend/response.js",
    "start": 1708487572743,
    "end": 1708487572744,
    "duration": 1,
    "pid": 45284,
    "index": 38
  },
  {
    "name": "Load extend/context.js",
    "start": 1708487572751,
    "end": 1708487572802,
    "duration": 51,
    "pid": 45284,
    "index": 39
  },
  {
    "name": "Require(32) node_modules/egg-security/app/extend/context.js",
    "start": 1708487572752,
    "end": 1708487572763,
    "duration": 11,
    "pid": 45284,
    "index": 40
  },
  {
    "name": "Require(33) node_modules/egg-jsonp/app/extend/context.js",
    "start": 1708487572764,
    "end": 1708487572765,
    "duration": 1,
    "pid": 45284,
    "index": 41
  },
  {
    "name": "Require(34) node_modules/egg-i18n/app/extend/context.js",
    "start": 1708487572765,
    "end": 1708487572765,
    "duration": 0,
    "pid": 45284,
    "index": 42
  },
  {
    "name": "Require(35) node_modules/egg-multipart/app/extend/context.js",
    "start": 1708487572766,
    "end": 1708487572774,
    "duration": 8,
    "pid": 45284,
    "index": 43
  },
  {
    "name": "Require(36) node_modules/egg-view/app/extend/context.js",
    "start": 1708487572775,
    "end": 1708487572776,
    "duration": 1,
    "pid": 45284,
    "index": 44
  },
  {
    "name": "Require(37) node_modules/@eggjs/tegg-plugin/app/extend/context.js",
    "start": 1708487572776,
    "end": 1708487572778,
    "duration": 2,
    "pid": 45284,
    "index": 45
  },
  {
    "name": "Require(38) node_modules/@eggjs/tegg-eventbus-plugin/app/extend/context.js",
    "start": 1708487572788,
    "end": 1708487572798,
    "duration": 10,
    "pid": 45284,
    "index": 46
  },
  {
    "name": "Require(39) node_modules/egg-tracer/app/extend/context.js",
    "start": 1708487572799,
    "end": 1708487572799,
    "duration": 0,
    "pid": 45284,
    "index": 47
  },
  {
    "name": "Require(40) node_modules/egg/app/extend/context.js",
    "start": 1708487572799,
    "end": 1708487572800,
    "duration": 1,
    "pid": 45284,
    "index": 48
  },
  {
    "name": "Load extend/helper.js",
    "start": 1708487572803,
    "end": 1708487572815,
    "duration": 12,
    "pid": 45284,
    "index": 49
  },
  {
    "name": "Require(41) node_modules/egg-security/app/extend/helper.js",
    "start": 1708487572803,
    "end": 1708487572811,
    "duration": 8,
    "pid": 45284,
    "index": 50
  },
  {
    "name": "Require(42) node_modules/egg/app/extend/helper.js",
    "start": 1708487572813,
    "end": 1708487572813,
    "duration": 0,
    "pid": 45284,
    "index": 51
  },
  {
    "name": "Load app.js",
    "start": 1708487572815,
    "end": 1708487572863,
    "duration": 48,
    "pid": 45284,
    "index": 52
  },
  {
    "name": "Require(43) node_modules/egg-session/app.js",
    "start": 1708487572815,
    "end": 1708487572816,
    "duration": 1,
    "pid": 45284,
    "index": 53
  },
  {
    "name": "Require(44) node_modules/egg-security/app.js",
    "start": 1708487572816,
    "end": 1708487572817,
    "duration": 1,
    "pid": 45284,
    "index": 54
  },
  {
    "name": "Require(45) node_modules/egg-onerror/app.js",
    "start": 1708487572817,
    "end": 1708487572822,
    "duration": 5,
    "pid": 45284,
    "index": 55
  },
  {
    "name": "Require(46) node_modules/egg-i18n/app.js",
    "start": 1708487572822,
    "end": 1708487572827,
    "duration": 5,
    "pid": 45284,
    "index": 56
  },
  {
    "name": "Require(47) node_modules/egg-watcher/app.js",
    "start": 1708487572828,
    "end": 1708487572831,
    "duration": 3,
    "pid": 45284,
    "index": 57
  },
  {
    "name": "Require(48) node_modules/egg-schedule/app.js",
    "start": 1708487572831,
    "end": 1708487572831,
    "duration": 0,
    "pid": 45284,
    "index": 58
  },
  {
    "name": "Require(49) node_modules/egg-multipart/app.js",
    "start": 1708487572831,
    "end": 1708487572832,
    "duration": 1,
    "pid": 45284,
    "index": 59
  },
  {
    "name": "Require(50) node_modules/egg-development/app.js",
    "start": 1708487572832,
    "end": 1708487572833,
    "duration": 1,
    "pid": 45284,
    "index": 60
  },
  {
    "name": "Require(51) node_modules/egg-logrotator/app.js",
    "start": 1708487572833,
    "end": 1708487572833,
    "duration": 0,
    "pid": 45284,
    "index": 61
  },
  {
    "name": "Require(52) node_modules/egg-static/app.js",
    "start": 1708487572833,
    "end": 1708487572833,
    "duration": 0,
    "pid": 45284,
    "index": 62
  },
  {
    "name": "Require(53) node_modules/@eggjs/tegg-config/app.js",
    "start": 1708487572833,
    "end": 1708487572834,
    "duration": 1,
    "pid": 45284,
    "index": 63
  },
  {
    "name": "Require(54) node_modules/@eggjs/tegg-plugin/app.js",
    "start": 1708487572834,
    "end": 1708487572845,
    "duration": 11,
    "pid": 45284,
    "index": 64
  },
  {
    "name": "Require(55) node_modules/@eggjs/tegg-controller-plugin/app.js",
    "start": 1708487572845,
    "end": 1708487572854,
    "duration": 9,
    "pid": 45284,
    "index": 65
  },
  {
    "name": "Require(56) node_modules/@eggjs/tegg-schedule-plugin/app.js",
    "start": 1708487572854,
    "end": 1708487572856,
    "duration": 2,
    "pid": 45284,
    "index": 66
  },
  {
    "name": "Require(57) node_modules/@eggjs/tegg-eventbus-plugin/app.js",
    "start": 1708487572856,
    "end": 1708487572858,
    "duration": 2,
    "pid": 45284,
    "index": 67
  },
  {
    "name": "Require(58) node_modules/@eggjs/tegg-aop-plugin/app.js",
    "start": 1708487572858,
    "end": 1708487572861,
    "duration": 3,
    "pid": 45284,
    "index": 68
  },
  {
    "name": "Require(59) node_modules/egg-tracer/app.js",
    "start": 1708487572861,
    "end": 1708487572862,
    "duration": 1,
    "pid": 45284,
    "index": 69
  },
  {
    "name": "Before Start in node_modules/egg-watcher/lib/init.js:15:14",
    "start": 1708487572911,
    "end": 1708487573839,
    "duration": 928,
    "pid": 45284,
    "index": 70
  },
  {
    "name": "Did Load in node_modules/@eggjs/tegg-plugin/app.js:didLoad",
    "start": 1708487572960,
    "end": 1708487573818,
    "duration": 858,
    "pid": 45284,
    "index": 71
  },
  {
    "name": "Did Load in node_modules/@eggjs/tegg-controller-plugin/app.js:didLoad",
    "start": 1708487572960,
    "end": 1708487573825,
    "duration": 865,
    "pid": 45284,
    "index": 72
  },
  {
    "name": "Did Load in node_modules/@eggjs/tegg-eventbus-plugin/app.js:didLoad",
    "start": 1708487572960,
    "end": 1708487573819,
    "duration": 859,
    "pid": 45284,
    "index": 73
  },
  {
    "name": "Load Service",
    "start": 1708487572960,
    "end": 1708487572969,
    "duration": 9,
    "pid": 45284,
    "index": 74
  },
  {
    "name": "Load \"service\" to Context",
    "start": 1708487572960,
    "end": 1708487572969,
    "duration": 9,
    "pid": 45284,
    "index": 75
  },
  {
    "name": "Load Middleware",
    "start": 1708487572969,
    "end": 1708487573050,
    "duration": 81,
    "pid": 45284,
    "index": 76
  },
  {
    "name": "Load \"middlewares\" to Application",
    "start": 1708487572969,
    "end": 1708487573043,
    "duration": 74,
    "pid": 45284,
    "index": 77
  },
  {
    "name": "Load Controller",
    "start": 1708487573050,
    "end": 1708487573055,
    "duration": 5,
    "pid": 45284,
    "index": 78
  },
  {
    "name": "Load \"controller\" to Application",
    "start": 1708487573050,
    "end": 1708487573055,
    "duration": 5,
    "pid": 45284,
    "index": 79
  },
  {
    "name": "Load Router",
    "start": 1708487573055,
    "end": 1708487573055,
    "duration": 0,
    "pid": 45284,
    "index": 80
  },
  {
    "name": "Before Start in node_modules/egg-core/lib/egg.js:304:10",
    "start": 1708487573061,
    "end": 1708487573071,
    "duration": 10,
    "pid": 45284,
    "index": 81
  }
]